{"cameraMode":{"drawMode":0,"name":"Shaded","section":"Shading Mode"},"sceneLighting":true,"audioPlay":false,"sceneViewState":{"showFog":true,"showMaterialUpdate":false,"showSkybox":true,"showFlares":true,"showImageEffects":true,"showParticleSystems":true},"in2DMode":false,"pivot":{"x":-0.33745163679122927,"y":2.0458362102508547,"z":0.33645156025886538},"rotation":{"x":0.051867466419935229,"y":0.9480964541435242,"z":-0.217304989695549,"w":0.22629603743553163},"size":1.2112205028533936,"orthographic":false}